{"cameraMode":{"drawMode":0,"name":"Shaded","section":"Shading Mode"},"sceneLighting":true,"audioPlay":false,"sceneViewState":{"showFog":true,"showMaterialUpdate":false,"showSkybox":true,"showFlares":true,"showImageEffects":true,"showParticleSystems":true},"in2DMode":false,"pivot":{"x":4.630555629730225,"y":-5.647400856018066,"z":2.541764259338379},"rotation":{"x":-0.3521161675453186,"y":-0.04714633896946907,"z":0.017762787640094758,"w":-0.9345996379852295},"size":11.300443649291993,"orthographic":false}