{"cameraMode":{"drawMode":0,"name":"Shaded","section":"Shading Mode"},"sceneLighting":false,"audioPlay":false,"sceneViewState":{"showFog":true,"showMaterialUpdate":false,"showSkybox":false,"showFlares":true,"showImageEffects":true,"showParticleSystems":true},"in2DMode":false,"pivot":{"x":-1.3200000524520875,"y":2.4800000190734865,"z":0.0},"rotation":{"x":-0.415941447019577,"y":0.03463185951113701,"z":-0.015853717923164369,"w":-0.908595860004425},"size":0.8660253882408142,"orthographic":false}