{"cameraMode":{"drawMode":0,"name":"Shaded","section":"Shading Mode"},"sceneLighting":true,"audioPlay":false,"sceneViewState":{"showFog":true,"showMaterialUpdate":false,"showSkybox":true,"showFlares":true,"showImageEffects":true,"showParticleSystems":true},"in2DMode":false,"pivot":{"x":18.40178871154785,"y":4.830251693725586,"z":0.23676347732543946},"rotation":{"x":-0.415941447019577,"y":0.03463185951113701,"z":-0.015853717923164369,"w":-0.908595860004425},"size":5.203360080718994,"orthographic":false}